Piezas,Centímetros,Pulgadas
Pata,40,15.748031496062993
Tablero,120,47.24409448818898
Puerta,60,23.62204724409449
Estante,30,11.811023622047244
Panel Lateral,180,70.86614173228347
